"","book_id","literariness_read","author","title","genre","avg_sentence_length","sentence_length_variance"
"1",1,4.67456700091158,"Rosnay, Tatiana de","Haar naam was Sarah","Fiction",10.0416,7.3122
"2",2,5.49585406301824,"Zwagerman, Joost","Duel","Fiction",12.9347,10.1901
"3",3,4.90016366612111,"Blum, Jenna","Het Familieportret","Fiction",12.2611,9.0535
"4",4,5.51048951048951,"Abdolah, Kader","De kraai","Fiction",12.3964,7.4167
"5",5,3.89510489510489,"Larsson, Stieg","Mannen die vrouwen haten","Suspense",14.1121,9.3996
"6",6,5.8258785942492,"Lanoye, Tom","Heldere hemel","Fiction",11.1145,8.513
"7",7,2.115625,"James, E.L.","Vijftig tinten grijs","Other",9.8147,6.8471
"8",8,4.00137362637363,"Larsson, Stieg","Gerechtigheid","Suspense",13.3292,9.0819
"9",9,4.96244635193133,"Kooten, Kees van","De verrekijker","Other",14.9753,13.2983
"10",10,4.0410783055199,"Larsson, Stieg","De vrouw die met vuur speelde","Suspense",13.4448,8.8956
"11",11,5.84426229508197,"Buwalda, Peter","Bonita Avenue","Fiction",14.2836,12.0533
"12",12,5.08507670850767,"Koch, Herman","Zomerhuis met zwembad","Fiction",10.2565,7.231
"13",13,3.62890625,"Noort, Saskia","Koorts","Suspense",9.8584,7.1336
"14",14,3.81446540880503,"Vlugt, Simone van der","Op klaarlichte dag","Suspense",12.9557,7.5382
"15",15,3.51355661881978,"Gilbert, Elizabeth","Eten, bidden, beminnen","Fiction",14.8534,11.3797
"16",16,3.71813725490196,"Verhoef, Esther","Déjà vu","Suspense",10.6287,7.0441
"17",17,3.5045871559633,"Kluun","Haantjes","Fiction",12.1388,8.8754
"18",18,4.81346423562412,"Jonasson, Jonas","De 100-jarige man die uit het raam klom en verdween","Fiction",17.8005,11.2362
"19",19,4.95323246217331,"Stockett, Kathryn","Een keukenmeidenroman","Fiction",11.5003,7.5269
"20",20,3.76190476190476,"Adler-Olsen, Jussi","De vrouw in de kooi","Suspense",13.1977,9.0896
"21",21,4.59459459459459,"Rosnay, Tatiana de","Die laatste zomer","Fiction",11.2607,8.5222
"22",22,2.5989847715736,"James, E.L.","Vijftig tinten donkerder","Other",10.1285,7.2883
"23",23,4.065,"French, Nicci","Blauwe maandag","Suspense",11.7188,8.9489
"24",24,3.72608695652174,"Slaughter, Karin","Verbroken","Suspense",10.67,7.1525
"25",25,5.64044943820225,"Allende, Isabel","Het eiland onder de zee","Fiction",21.0721,12.8509
"26",26,3.74117647058824,"Slaughter, Karin","Gevallen","Suspense",10.7269,7.326
"27",27,3.6455938697318,"Brown, Dan","Het Verloren Symbool","Suspense",12.6135,9.0806
"28",28,6.28515625,"Heijden, A.F.Th van der","Tonio","Fiction",13.6133,9.3659
"29",29,3.46296296296296,"Vermeer, Suzanne","Bella Italia","Suspense",11.8697,7.4021
"30",30,4.80528052805281,"Rosnay, Tatiana de","Kwetsbaar","Fiction",9.7126,8.4973
"31",31,2.63725490196078,"James, E.L.","Vijftig tinten vrij","Other",9.7161,6.911
"32",32,5.35585042219542,"Treur, Franca","Dorsvloer vol confetti","Fiction",14.2215,10.2246
"33",33,5.11550888529887,"Koch, Herman","Het diner","Fiction",13.9447,10.7782
"34",34,6.11312849162011,"Japin, Arthur","Vaslav","Fiction",17.1769,12.9249
"35",35,3.84567901234568,"Grisham, John","De bekentenis","Suspense",12.8912,8.536
"36",36,4.20461095100865,"Verhoef, Esther","Tegenlicht","Fiction",10.7652,8.0116
"37",37,3.96457765667575,"Adler-Olsen, Jussi","De fazantenmoordenaars","Suspense",12.4533,8.7214
"38",38,3.11219512195122,"Vermeer, Suzanne","Cruise","Suspense",11.1601,6.1649
"39",39,4.03217158176944,"Adler-Olsen, Jussi","De noodkreet in de fles","Suspense",12.3107,8.454
"40",40,3.65873015873016,"Auel, Jean Marie","Het lied van de grotten","Fiction",16.1189,10.4742
"41",41,4.76612903225806,"Mankell, Henning","De gekwelde man","Suspense",12.6076,7.6899
"42",42,4.03004291845494,"Vlugt, Simone van der","In mijn dromen","Suspense",13.3091,8.0554
"43",43,6.07223796033994,"Dis, Adriaan van","Tikkop","Fiction",9.8412,7.0252
"44",44,3.37327188940092,"Vermeer, Suzanne","De suite","Suspense",12.3644,7.0799
"45",45,4.45744680851064,"Vuijsje, Robert","Alleen maar nette mensen","Fiction",9.4781,7.3247
"46",46,6.01796407185629,"Binet, Laurent","HhhH","Fiction",16.7344,12.6668
"47",47,3.06550218340611,"Vermeer, Suzanne","Après-ski","Suspense",11.2984,6.3078
"48",48,4.7452380952381,"Ravelli","De Vliegenvanger","Fiction",12.061,7.9616
"49",49,4.22491349480969,"French, Nicci","Dinsdag is voorbij","Suspense",12.3614,9.5066
"50",50,3.888,"Slaughter, Karin","Genadeloos","Suspense",9.8415,6.8431
"51",51,3.60531309297913,"Collins, Suzanne","Vlammen","Other",13.5142,8.8404
"52",52,5.81196581196581,"Enquist, Anna","De verdovers","Fiction",10.1219,6.8849
"53",53,4.18087855297158,"Adler-Olsen, Jussi","Dossier 64","Suspense",14.8305,10.4595
"54",54,5.46254355400697,"Ruiz Zafón, Carlos","De schaduw van de wind","Fiction",14.5579,11.0373
"55",55,6.24432809773124,"Eco, Umberto","Begraafplaats van Praag","Fiction",20.3908,16.7883
"56",56,3.58590308370044,"Baldacci, David","Rechteloos","Suspense",11.3433,8.0505
"57",57,3.10373443983402,"Vermeer, Suzanne","Zwarte piste","Suspense",11.5621,6.6328
"58",58,5.73040752351097,"Franck, Julia","De middagvrouw","Fiction",13.7577,10.6043
"59",59,3.82631578947368,"Baldacci, David","De provocatie","Suspense",10.7946,7.3657
"60",60,3.81775700934579,"Baldacci, David","Verlos ons van het kwaad","Suspense",11.8297,7.996
"61",61,4.03761755485893,"Vermeer, Suzanne","Noorderlicht","Suspense",12.2677,7.712
"62",62,2.46315789473684,"Kinsella, Sophie","Mini Shopaholic","Romantic",9.7848,7.5826
"63",63,3.61200923787529,"Grisham, John","Het proces","Suspense",14.0601,9.6772
"64",64,3.41608876560333,"Noort, Saskia","De eetclub","Suspense",12.3296,9.2562
"65",65,3.78714859437751,"Baldacci, David","De zesde man","Suspense",10.9878,7.6513
"66",66,3.47826086956522,"Collins, Suzanne","Spotgaai","Other",12.5672,8.397
"67",67,5.49577464788732,"Allende, Isabel","Het negende schrift van Maya","Fiction",21.0016,13.5205
"68",68,5.71598414795244,"Lewinsky, Charles","Het lot van de familie Meijer","Fiction",16.0389,13.1155
"69",69,3.46037099494098,"Collins, Suzanne","De hongerspelen","Other",13.0005,8.4688
"70",70,4.02651515151515,"Vermeer, Suzanne","Zomertijd","Suspense",10.3019,5.873
"71",71,4.26398210290828,"Watson, S.J.","Voor ik ga slapen","Suspense",10.1193,7.6176
"72",72,6.15079365079365,"Franzen, Jonathan","Vrijheid","Fiction",18.0556,14.6858
"73",73,5.30343007915567,"Coelho, Paulo","Aleph","Fiction",14.755,10.1629
"74",74,2.5,"Mansell, Jill","Versier me dan","Romantic",10.8628,8.2817
"75",75,4.06292134831461,"Spijker, Rita","Tussen zussen","Fiction",9.4541,5.6147
"76",76,4.38908450704225,"Sedaris, David","Van je familie moet je het hebben","Other",16.7228,11.3122
"77",77,6.15855855855856,"Grunberg, Arnon","Huid en haar","Fiction",10.3095,7.729
"78",78,4.10191082802548,"Newman, Ruth","Schaduwkant","Suspense",13.3256,9.2412
"79",79,3.81276595744681,"Vermeer, Suzanne","De vlucht","Suspense",11.2865,6.4275
"80",80,2.69886363636364,"Mansell, Jill","De smaak te pakken","Romantic",10.2585,7.5278
"81",81,3.97777777777778,"Kepler, Lars","Hypnose","Suspense",12.6407,8.357
"82",82,4.89117647058824,"Rosnay, Tatiana de","Het huis waar jij van hield","Fiction",13.2506,8.3679
"83",83,2.73626373626374,"Middelbeek, Mariette","Single en sexy","Romantic",10.377,7.0704
"84",84,4.02290076335878,"Gerritsen, Tess","Het stille meisje","Suspense",11.8908,8.0636
"85",85,4.13559322033898,"Kepler, Lars","Contract","Suspense",14.8991,10.007
"86",86,4.02892561983471,"Slaughter, Karin","Ongezien","Suspense",12.6303,9.2703
"87",87,3.85284280936455,"Gerritsen, Tess","Sneeuwval","Suspense",11.767,8.0121
"88",88,4.26571428571429,"Kepler, Lars","Getuige","Suspense",14.1779,8.978
"89",89,3.35111111111111,"Vermeer, Suzanne","Bon Bini beach","Suspense",11.1954,7.3761
"90",90,5.87677304964539,"Giordano, Paolo","De eenzaamheid van de priemgetallen","Fiction",14.9583,9.8903
"91",91,5.86238532110092,"Lewinsky, Charles","De verborgen geschiedenis van Courtillon","Fiction",18.5231,15.0426
"92",92,5.86124401913876,"Moor, Marente de","De Nederlandse maagd","Fiction",12.4148,8.4884
"93",93,3.97333333333333,"Verhoef, Esther","Alles te verliezen","Suspense",11.5105,8.0877
"94",94,4.23255813953488,"French, Nicci","Medeplichtig","Suspense",12.6542,9.8989
"95",95,3.83941605839416,"Hollander, Loes den","Wisselgeld","Suspense",8.5734,5.5673
"96",96,4.07534246575342,"Läckberg, Camilla","Vuurtorenwachter","Suspense",12.4297,7.799
"97",97,3.70448548812665,"Lapidus, Jens","Snel geld","Suspense",7.8413,5.7315
"98",98,3.45791245791246,"Pauw, Marion","Jetset","Suspense",10.2029,7.0076
"99",99,5.93540051679587,"Siebelink, Jan","Het lichaam van Clara","Fiction",10.0062,7.0936
"100",100,5.87820512820513,"Harbach, Chad","De kunst van het veldspel","Fiction",13.1657,10.1781
"101",101,4.16666666666667,"Picoult, Jodi","Negentien minuten","Fiction",12.4709,8.3672
"102",102,5.6579754601227,"Ruiz Zafón, Carlos","Het spel van de engel","Fiction",15.2893,11.2687
"103",103,4.42893401015228,"King, Stephen","22/11/63","Suspense",12.2151,8.8164
"104",104,4.14146341463415,"Slee, Carry","Fatale liefde","Other",8.4835,5.1003
"105",105,5.83663366336634,"Abdolah, Kader","De koning","Fiction",13.9118,8.1673
"106",106,4.06284153005465,"George, Elizabeth","Lichaam van de dood","Suspense",12.8714,10.6153
"107",107,2.44495412844037,"Kinsella, Sophie","Mag ik je nummer even?","Romantic",9.0966,7.1674
"108",108,3.70810810810811,"Baldacci, David","Familieverraad","Suspense",11.3135,8.0293
"109",109,3.38064516129032,"Clancy, Tom","Op leven en dood","Suspense",12.9276,9.4572
"110",110,4.97654941373534,"Dorrestein, Renate","De leesclub","Fiction",13.4346,9.6761
"111",111,3.80497925311203,"Gilbert, Elizabeth","Toewijding","Fiction",17.711,12.0725
"112",112,3.203125,"Montefiore, Santa","Villa magdalena","Romantic",13.1836,9.0937
"113",113,3.91353383458647,"Grisham, John","De wettelozen","Suspense",13.8004,9.4241
"114",114,2.90740740740741,"Fallon, J.","Op de man af","Romantic",14.4176,10.6418
"115",115,5.47877358490566,"Coelho, Paulo","De beschermengel","Fiction",13.1185,8.6537
"116",116,4.73208722741433,"Kwast, Ernest van der","Mama Tandoori","Fiction",11.3659,6.8331
"117",117,3.59299781181619,"Peetz, Monika","De dinsdagvrouwen","Fiction",10.985,7.1294
"118",118,3.7027027027027,"Baldacci, David","Onschuldig","Suspense",10.7113,7.1802
"119",119,5.05894308943089,"Mak, Geert","Reizen zonder John","Other",17.0262,10.7875
"120",120,4.83798882681564,"Vlugt, Simone van der","Rode sneeuw in december","Fiction",13.9451,8.2933
"121",121,3.93390804597701,"Kroonenberg, Yvonne","De familieblues","Other",12.8063,7.9438
"122",122,5.46555323590814,"Winter, Leon de","VSV of daden van onbaatzuchtigheid","Fiction",10.3292,8.1709
"123",123,3.90939597315436,"Hollander, Loes den","Zielsverwanten","Suspense",9.6576,6.1178
"124",124,4.09090909090909,"Slaughter, Karin","Genesis","Suspense",12.7146,8.9214
"125",125,4.20538720538721,"Adler-Olsen, Jussi","De bedrijfsterrorist","Suspense",13.6945,9.8425
"126",126,3.82967032967033,"Baldacci, David","In het geheim","Suspense",11.9828,8.6228
"127",127,4.03112840466926,"Lapidus, Jens","Bloedlink","Suspense",7.9685,5.8068
"128",128,5.80254777070064,"Ruiz Zafón, Carlos","De gevangene van de hemel","Fiction",16.6909,13.2927
"129",129,4.12365591397849,"Hollander, Loes den","Krachtmeting","Suspense",9.9092,6.1961
"130",130,3.20618556701031,"Montefiore, Santa","De affaire","Romantic",12.938,9.0626
"131",131,4.78823529411765,"Dijkshoorn, Nico","Nooit ziek geweest","Fiction",8.4368,5.7631
"132",132,2.58301158301158,"Mansell, Jill","Drie is te veel","Romantic",11.7276,8.6034
"133",133,3.17972350230415,"Royen, Heleen van","De mannentester","Fiction",11.3684,7.9092
"134",134,3.87755102040816,"Hannah, Sophie","Kleine meid","Suspense",12.2627,8.3629
"135",135,4.16797900262467,"Nesbo, Jo","De schim","Suspense",11.479,8.5475
"136",136,3.0468085106383,"Sambeek, Ciel van","Bloed zaad en tranen","Fiction",11.1152,7.0074
"137",137,5.66468253968254,"Durlacher, Jessica","De held","Fiction",12.4773,9.7943
"138",138,4.8169014084507,"Rosnay, Tatiana de","Het appartement","Fiction",8.7149,5.9225
"139",139,3.42142857142857,"Paolini, Christopher","Erfenis","Other",14.8365,10.1245
"140",140,4.18380062305296,"Läckberg, Camilla","Engeleneiland","Suspense",12.6588,8.0891
"141",141,4.19080459770115,"Nesbo, Jo","De sneeuwman","Suspense",12.4653,9.1313
"142",142,4.76571428571429,"Hodgkinson, Amanda","Britannia Road 22","Fiction",11.4412,7.9159
"143",143,2.78061224489796,"Mansell, Jill","Vlinders voor altijd","Romantic",10.5673,7.5684
"144",144,3.89733840304183,"Hollander, Loes den","Vluchtgedrag","Suspense",9.8406,6.1786
"145",145,3.72067039106145,"James, Erica","Zussen voor altijd","Romantic",12.8293,8.8172
"146",146,3.81632653061224,"Gerritsen, Tess","Verdwijn","Suspense",11.0151,7.3848
"147",147,2.52173913043478,"Weisberger, Lauren","Champagne in Chateau Marmont","Romantic",14.3391,11.1126
"148",148,3.34215885947047,"Noort, Saskia","De verbouwing","Suspense",11.2958,8.1096
"149",149,3.98387096774194,"King, Stephen","Aardedonker, zonder sterren","Other",13.2474,9.8229
"150",150,3.74721189591078,"Hollander, Loes den","Driftleven","Suspense",8.3378,5.3584
"151",151,3.91472868217054,"Hoag, Tami","Dieper dan de doden","Suspense",12.0308,8.212
"152",152,5.63581183611533,"Eggers, Dave","Wat is de wat","Fiction",12.7242,9.0712
"153",153,4.95642701525054,"Smit, Susan","Vloed","Fiction",15.0388,8.8886
"154",154,4.85807860262009,"Vlugt, Simone van der","Jacoba, Dochter van Holland","Fiction",13.147,7.3108
"155",155,3.4,"Montefiore, Santa","Fairfield park","Romantic",12.4821,8.5594
"156",156,3.74,"Hollander, Loes den","Dwaalspoor","Suspense",8.506,5.6097
"157",157,3.79076923076923,"Coben, Harlan","Verzoeking","Suspense",11.0723,8.8445
"158",158,5.77038626609442,"Irving, John","De laatste nacht in Twisted River","Fiction",16.9459,11.146
"159",159,3.53148614609572,"Cornwell, Patricia","De Scarpetta factor","Suspense",14.7363,10.6482
"160",160,4.08045977011494,"Läckberg, Camilla","Sneeuwstorm en amandelgeur","Suspense",11.7501,7.6953
"161",161,4.00986842105263,"Läckberg, Camilla","Zeemeermin","Suspense",11.8447,7.6188
"162",162,3.75618374558304,"Hollander, Loes den","Broeinest","Suspense",10.5461,6.596
"163",163,5.53131749460043,"Dorrestein, Renate","De stiefmoeder","Fiction",11.5823,8.532
"164",164,4.29338842975207,"Launspach, Rik","1953","Fiction",13.4403,9.4895
"165",165,4.08852459016393,"Hollander, Loes den","Troostkind","Suspense",10.4008,6.5627
"166",166,6.11130136986301,"Grunberg, Arnon","De man zonder ziekte","Fiction",10.9202,7.3776
"167",167,4.7682119205298,"McCoy, Sarah","De bakkersdochter","Fiction",11.4608,8.0799
"168",168,3.42528735632184,"Binchy, Maeve","Hart & Ziel","Romantic",12.2038,8.4693
"169",169,3.89041095890411,"Forbes, Elena","Sterf met mij","Suspense",13.1418,9.1381
"170",170,2.46708463949843,"Kinsella, Sophie","Ken je me nog?","Romantic",9.33,6.7343
"171",171,4.2536023054755,"Läckberg, Camilla","Oorlogskind","Suspense",12.4773,8.5204
"172",172,3.99282296650718,"George, Elizabeth","Een duister vermoeden","Suspense",12.5871,9.8609
"173",173,5.11324041811847,"Zwaan, Josha","Parnassia","Fiction",10.0711,6.2597
"174",174,3.82624768946396,"Rowling, J.K.","Harry Potter en de Relieken van de Dood","Other",14.4884,10.0889
"175",175,2.78867924528302,"Baantjer, Appie / Waal, Simon de","Een lijk in de kast","Suspense",10.7577,7.6467
"176",176,3.99354838709677,"Läckberg, Camilla","Zusje","Suspense",12.4041,8.254
"177",177,4.89130434782609,"Shah, Hannah","De dochter van de iman","Fiction",12.9368,7.2546
"178",178,4.63019693654267,"Nesser, Håkan","De man zonder hond","Suspense",12.2694,9.6216
"179",179,4.22380952380952,"Hannah, Sophie","Moederziel","Suspense",12.3368,8.9973
"180",180,2.59276018099548,"Mansell, Jill","Eenmaal andermaal verliefd / druk 5","Romantic",10.878,8.241
"181",181,2.66037735849057,"Baantjer, Appie / Waal, Simon de","Een dief in de nacht","Suspense",10.266,7.1218
"182",182,5.34042553191489,"Giphart, Ronald","IJsland","Fiction",12.8822,9.6572
"183",183,2.64782608695652,"Mansell, Jill","Scherven brengen geluk","Romantic",11.0078,8.2821
"184",184,3.65925925925926,"Cornwell, Patricia","Mortuarium","Suspense",16.1963,12.1784
"185",185,5.76338514680484,"Beijnum, Kees van","Een soort familie","Fiction",18.5231,13.8265
"186",186,3.52352941176471,"Slee, Carry","Bangkok Boy","Other",7.9438,4.6062
"187",187,3.96987951807229,"Hollander, Loes den","De kat op zolder","Suspense",12.5334,7.7101
"188",188,3.82735426008969,"Grisham, John","De aanklacht","Suspense",13.738,8.7426
"189",189,3.32590529247911,"Binchy, Maeve","En toen kwam Frankie","Romantic",13.4514,8.7852
"190",190,4.88803088803089,"Amirrezvani, Anita","Dochter van Isfahan","Fiction",14.8552,8.8193
"191",191,3.93805309734513,"Vlugt, Simone van der","Blauw water","Suspense",12.5633,7.4928
"192",192,3.32019704433498,"Rijn, Linda van","Last Minute","Suspense",10.9211,6.9646
"193",193,6.19319727891156,"Mitchell, David","De niet verhoorde gebeden van Jacob de Zoet","Fiction",14.1957,10.9841
"194",194,3.49230769230769,"Clancy, Tom / Telp, Peter","De ogen van de vijand","Suspense",13.928,9.8366
"195",195,4.00333333333333,"Vlugt, Simone van der","Herfstlied","Suspense",11.6047,7.1075
"196",196,4.00917431192661,"Verhoef, Esther","Erken mij","Suspense",10.7606,7.7332
"197",197,3.99416909620991,"Läckberg, Camilla","Predikant","Suspense",13.7174,8.7977
"198",198,2.87005649717514,"Wickham, Madeleine","De cocktailclub","Romantic",11.6989,8.0288
"199",199,4.79310344827586,"Mastras, George","Tranen over Kashmir","Fiction",14.6386,9.9579
"200",200,6.0531561461794,"Voskuil, J.J.","De buurman","Fiction",10.5215,8.1821
"201",201,5.44604316546763,"Avallone, Silvia","Staal","Fiction",11.8483,8.1868
"202",202,3.70689655172414,"Baldacci, David","De rechtvaardigen","Suspense",11.5013,7.8398
"203",203,5.55841584158416,"Ammaniti, Niccolò","Zo God het wil","Fiction",11.3907,9.0699
"204",204,4,"Lapidus, Jens","Val dood","Suspense",8.2902,5.8875
"205",205,4.12980769230769,"Tex, Charles den","Spijt","Suspense",12.1196,8.3282
"206",206,4.15767634854772,"Evans, Nicholas","De vergeving","Fiction",14.7105,10.1226
"207",207,3.92805755395683,"Gerritsen, Tess","Het aandenken","Suspense",12.1602,8.2267
"208",208,3.71586715867159,"Noort, Saskia","Afgunst","Suspense",9.6353,6.8462
"209",209,4.22651933701657,"Dijkzeul, Lieneke","Gouden bergen","Suspense",11.9684,9.046
"210",210,3.7511961722488,"Forsyth, Frederick","De cobra","Suspense",14.5455,8.9513
"211",211,3.73799126637555,"James, Erica","Schaduwleven","Romantic",12.3153,8.6152
"212",212,6.16851168511685,"Japin, Arthur","De overgave","Fiction",15.308,11.3345
"213",213,3.5364238410596,"Bezaz, Naima El","Vinexvrouwen","Fiction",10.3545,6.9166
"214",214,3.71100917431193,"Hollander, Loes den","Naaktportret","Suspense",10.6095,6.574
"215",215,6.20282413350449,"Wieringa, Tommy","Caesarion","Fiction",11.099,8.2048
"216",216,3.83333333333333,"Cornwell, Patricia","Rood waas","Suspense",15.74,11.1668
"217",217,6.1640625,"Rosenboom, Thomas","Mechanica","Fiction",18.5324,14.4834
"218",218,4.20987654320988,"Adler-Olsen, Jussi","Het Washingtondecreet","Suspense",14.6699,10.0501
"219",219,5.32768361581921,"Ammaniti, Niccolò","Laat het feest beginnen","Fiction",11.1098,8.4198
"220",220,2.97560975609756,"Wageningen, Gerda van","In de schemering","Other",14.2159,10.1269
"221",221,5.89722675367047,"Moor, Margriet de","De schilder en het meisje","Fiction",15.9127,12.103
"222",222,2.83969465648855,"Baantjer, Appie / Waal, Simon de","Een rat in de val","Suspense",11.0034,7.3874
"223",223,3.87423312883436,"Hayder, Mo","Diep","Suspense",11.0914,8.2872
"224",224,5.37158469945355,"Duenas, Maria","Het geluid van de nacht","Fiction",15.7783,11.255
"225",225,4,"Berg, Greetje van den","Ergens achteraan","Other",12.0895,7.444
"226",226,3.84699453551913,"Hollander, Loes den","Uitglijder","Suspense",10.4164,6.335
"227",227,4.52912621359223,"Gerrard, Nicci","Het weerzien","Fiction",13.0946,10.0613
"228",228,2.62946428571429,"Kinsella, Sophie","Wat spook jij uit?","Romantic",9.4332,6.9666
"229",229,6.60246913580247,"Mortier, Erwin","Godenslaap","Fiction",19.4653,16.9579
"230",230,4.75221238938053,"Mankell, Henning","De Chinees","Suspense",12.36,7.605
"231",231,3.40714285714286,"Roberts, Nora","Eerbetoon","Romantic",11.4781,8.0112
"232",232,5.17041800643087,"Falcones, Ildefonso","De hand van Fatima","Fiction",16.3399,12.1109
"233",233,4.2686230248307,"Meyer, Deon","13 uur","Suspense",12.0108,9.2393
"234",234,5.32162661737523,"Hill, Lawrence","Het negerboek","Fiction",12.9995,8.6741
"235",235,4.91590909090909,"Mankell, Henning","De geschiedenis van een gevallen engel","Fiction",12.6579,7.6256
"236",236,5.08571428571429,"Jansen, Suzanna","De pronkspiegel","Other",12.3286,7.1835
"237",237,2.9,"Wisse, Clemens","De jonge boerin van Madezicht","Other",15.9256,9.5985
"238",238,4.17989417989418,"Cronin, Justin","De oversteek","Fiction",12.1154,9.2935
"239",239,6.37276478679505,"Lanoye, Tom","Sprakeloos","Fiction",14.3443,13.3053
"240",240,6.16521739130435,"Rosenboom, Thomas","Zoete mond","Fiction",18.9832,15.6898
"241",241,5.12987012987013,"Sansom, Christopher John","Winter in Madrid","Suspense",11.2264,7.2461
"242",242,6.15768725361367,"Franzen, Jonathan","De correcties","Fiction",16.121,14.0543
"243",243,3.28571428571429,"Burgers-Drost, Julia","Tussen hart en verstand","Other",8.9405,5.4622
"244",244,4.58757062146893,"Blake, Sarah","De laatste brief","Fiction",13.3534,10.4542
"245",245,2.88111888111888,"Baantjer, Appie / Waal, Simon de","Een schot in de roos","Suspense",9.5293,6.4298
"246",246,4.71319796954315,"Blum, Jenna","In tweestrijd","Fiction",11.8012,8.914
"247",247,3.70229007633588,"Patterson, James / Marklund, Liza","Partnerruil","Suspense",11.9939,7.4904
"248",248,3.05970149253731,"Smeets, Mart","De afrekening","Fiction",14.1887,9.8696
"249",249,3.84905660377358,"Austin, Lynn","Eindelijk thuis","Fiction",12.5435,7.9236
"250",250,3.92125984251969,"Hollander, Loes den","Het scherventapijt","Fiction",10.7442,6.6693
"251",251,5.61302681992337,"Ammaniti, Niccolò","Jij en ik","Fiction",10.3341,7.9857
"252",252,3.98260869565217,"Jackson, Lisa","De zevende doodzonde","Suspense",13.411,10.0898
"253",253,6.30542452830189,"Murakami, Haruki","Norwegian Wood","Fiction",12.5629,8.0394
"254",254,5.88317757009346,"Irving, John","In een mens","Fiction",15.5555,10.5479
"255",255,3.46666666666667,"Kingsbury, Karen","Nooit te laat","Fiction",12.5619,8.4935
"256",256,5.86245353159851,"Hart, Maarten 't","Verlovingstijd","Fiction",14.254,11.4009
"257",257,5.52083333333333,"Voskuijl, Anouschka","Dorp","Suspense",12.8463,8.8103
"258",258,4.08839779005525,"Baldacci, David","Die zomer","Fiction",10.4513,7.0273
"259",259,4.09090909090909,"Dijkzeul, Lieneke","Koude lente","Suspense",12.5137,9.301
"260",260,3.5375,"Patterson, James / Ledwige, Michael","Hitte","Suspense",12.0663,8.3746
"261",261,2.82857142857143,"Luiten, Hetty","Je blijft altijd welkom","Other",10.4282,7.349
"262",262,3.89513108614232,"Coben, Harlan","Levenslijn","Suspense",11.5161,8.5538
"263",263,3.37074829931973,"Montefiore, Santa","In de schaduw van het Palazzo","Romantic",12.199,8.2748
"264",264,6.26462765957447,"Enter, Stephan","Grip","Fiction",16.3422,12.889
"265",265,4.26813880126183,"Nesbø, Jo","Het pantserhart","Suspense",11.9496,9.0636
"266",266,4.22397476340694,"Dijkzeul, Lieneke","Verloren zoon","Suspense",11.1932,8.2273
"267",267,3.5,"Kingsbury, Karen","Laatste dans","Fiction",12.0885,8.4956
"268",268,3.86602870813397,"Hollander, Loes den","Glansrol","Suspense",10.5025,6.5495
"269",269,2.45283018867925,"Weisberger, Lauren","Chanel Chic","Romantic",14.467,11.5835
"270",270,6.0379746835443,"Wieringa, Tommy","Portret van een heer","Other",14.616,9.9834
"271",271,3.09090909090909,"Smeets, Mart","Een koud kunstje","Other",13.1931,9.2411
"272",272,2.56,"Fforde, Katie","Trouwplannen","Romantic",12.2622,8.6392
"273",273,5.6286231884058,"Yalom, Irvin D.","Het raadsel spinoza","Fiction",15.3024,11.3643
"274",274,5.01680672268908,"Meer, Vonne van der","Het zingen, het water, de peen","Fiction",14.327,9.6563
"275",275,5.40503672612802,"Hosseini, Khaled","Duizend schitterende zonnen","Fiction",12.6604,9.3103
"276",276,3.656,"Smith, Wilbur","Op volle zee","Suspense",12.7461,8.4743
"277",277,2.83333333333333,"Middelbeek, Mariette","Turbulentie","Romantic",10.6423,7.2998
"278",278,4.21192052980132,"Rendell, Ruth","De dief - Kattenkruid!","Suspense",10.5333,6.4047
"279",279,4.02180685358255,"Vlugt, Simone van der","Het laatste offer","Suspense",13.5282,7.9465
"280",280,5.3640350877193,"Cleave, Chris","Kleine Bij","Fiction",11.3977,8.4477
"281",281,3.72861356932153,"Gerritsen, Tess","De Mefisto Club","Suspense",10.9451,7.3187
"282",282,3.85590778097983,"Läckberg, Camilla","IJsprinses","Suspense",13.9077,8.5837
"283",283,5.75268817204301,"Winter, Leon de","Recht op terugkeer","Fiction",12.7542,10.7465
"284",284,3.22545454545455,"Child, Lee","61 Uur","Suspense",10.4714,8.3718
"285",285,3.85283018867925,"Hayder, Mo","Rot","Suspense",11.3487,8.5362
"286",286,4.125,"King, Stephen","Gevangen","Suspense",11.6829,8.6102
"287",287,3.84347826086957,"Casey, Jane","Spoorloos","Suspense",12.7108,8.8164
"288",288,4.71267605633803,"Fragoso, Margaux","Tijger, tijger","Fiction",12.9622,8.8109
"289",289,3.99038461538462,"Slaughter, Karin","Onaantastbaar","Suspense",12.9016,8.6099
"290",290,3.52631578947368,"McNab, Andy","Oorlogswond","Suspense",11.4064,7.2593
"291",291,3.2620320855615,"Rijn, Linda van","Blue Curacao","Suspense",10.0086,6.8794
"292",292,4.51409978308026,"Indriðason, Arnaldur","Doodskap","Suspense",12.4569,7.9974
"293",293,3.75280898876404,"Moelands, Kim","Weerloos","Suspense",10.2764,6.4006
"294",294,4.00980392156863,"King, Stephen","Eenmalige zonde","Other",10.9226,7.801
"295",295,4.20942408376963,"Lehane, Dennis","Gone Baby Gone","Suspense",13.4414,10.8465
"296",296,6.40960451977401,"Houellebecq, Michel","De kaart en het gebied","Fiction",18.6481,13.8579
"297",297,5.41666666666667,"Marlantes, Karl","Matterhorn","Fiction",12.0204,8.5318
"298",298,2.36741214057508,"Kinsella, Sophie","Shopaholic & Baby","Romantic",9.5261,7.0671
"299",299,5.82238010657194,"Verhulst, Dimitri","De laatste liefde van mijn moeder","Fiction",16.5062,12.795
"300",300,5.81196581196581,"Siebelink, Jan","Oscar","Fiction",11.0254,7.7384
"301",301,4.27272727272727,"Tex, Charles den","Wachtwoord","Suspense",10.0007,6.9
"302",302,6.18867924528302,"Bakker, Gerbrand","De omweg","Fiction",11.952,8.3779
"303",303,4.11721611721612,"Appel, René","Van twee kanten","Suspense",11.0166,7.4758
"304",304,4.64705882352941,"Giphart, Ronald","Zeven jaar goede seks","Fiction",14.5446,12.8555
"305",305,3.68367346938776,"Visser, Judith","Stuk","Suspense",12.7089,8.8282
"306",306,2.68686868686869,"Proper, Emile / Eynden, Sabine van den","Gooische vrouwen","Romantic",10.6807,7.6976
"307",307,4.5448275862069,"Indriðason, Arnaldur","Onderstroom","Suspense",12.8599,8.4799
"308",308,3.37209302325581,"Cussler, Clive / Cussler, Dirk","Duivelsadem","Suspense",18.5292,10.1599
"309",309,6.54086956521739,"Mortier, Erwin","Gestameld liedboek","Fiction",13.9075,10.103
"310",310,3.13513513513514,"Weiner, Jennifer","Sommige meisjes","Romantic",13.5245,11.3296
"311",311,3.78756476683938,"Worthy, James","James Worthy","Fiction",11.4959,7.7836
"312",312,4.14018691588785,"Slaughter, Karin","Versplinterd","Suspense",12.8243,8.6652
"313",313,5.95305164319249,"Springer, F.","Quadriga","Fiction",15.05,11.8057
"314",314,6.125,"Grunberg, Arnon","Selmonosky's droom","Fiction",14.6221,10.9404
"315",315,3.97260273972603,"Pauw, Marion","Daglicht","Suspense",10.2738,6.817
"316",316,2.92086330935252,"Baantjer, Appie / Waal, Simon de","Een mes in de rug","Suspense",10.0079,6.7748
"317",317,2.94039735099338,"Wickham, Madeleine","Zoete tranen","Romantic",10.9886,7.8732
"318",318,4.12616822429907,"Rosenfeldt, Hjorth","Wat verborgen is","Suspense",10.7411,7.8933
"319",319,5.34892787524366,"Meer, Vonne van der","De vrouw met de sleutel","Fiction",12.3634,7.834
"320",320,3.68181818181818,"Pauw, Marion","Villa Serena","Suspense",9.6053,6.2086
"321",321,5.33060556464812,"Campert, Remco","Dagboek van een poes","Fiction",12.1812,6.9802
"322",322,5.97597597597598,"Dewulf, Bernard","Kleine dagen","Fiction",8.4294,5.708
"323",323,6.61642156862745,"Barnes, Julian","Alsof het voorbij is","Fiction",13.8096,9.5012
"324",324,2.98214285714286,"Wickham, Madeleine","Het zwemfeestje","Romantic",12.0492,9.2087
"325",325,3.53691275167785,"James, Erica","De kleine dingen","Romantic",12.244,8.5686
"326",326,4.3125,"Trussoni, Danielle","Het uur van de engelen","Suspense",15.9417,9.7957
"327",327,3.72619047619048,"Hayder, Mo","Huid","Suspense",11.054,8.2947
"328",328,4.40983606557377,"Gudenkauf, Heather","In stilte gehuld","Suspense",12.1934,7.7324
"329",329,4.06801007556675,"Läckberg, Camilla","Steenhouwer","Suspense",14.0669,9.0398
"330",330,3.61818181818182,"Cussler, Clive","Medusa","Suspense",14.9169,9.2425
"331",331,4.56774193548387,"Follett, Ken","Val der titanen","Fiction",12.4356,8.2271
"332",332,4.22751322751323,"Pauw, Marion","Zondaarskind","Suspense",9.4125,6.6872
"333",333,3.26,"Groningen, Merel van","Misleid","Other",10.6532,6.1995
"334",334,3.36170212765957,"Royen, Heleen van","Sabine","Fiction",8.3333,5.8991
"335",335,4.20626631853786,"Lindell, Unni","Honingval","Suspense",11.2816,7.1086
"336",336,6.0325,"Japin, Arthur","Dooi","Fiction",8.777,6.068
"337",337,3.85185185185185,"Coben, Harlan","Verloren","Suspense",10.7517,7.9023
"338",338,5.00214132762313,"Mankell, Henning","De Daisy Sisters","Fiction",13.4034,9.166
"339",339,3.12144702842377,"Sambeek, Ciel van","Koninginnenrit","Fiction",11.5702,7.0695
"340",340,3.73509933774834,"McFadyen, Cody","Tijd om te sterven","Suspense",11.3958,7.9779
"341",341,5.67375886524823,"Loo, Tessa de","De grote moeder","Fiction",13.743,9.3904
"342",342,3.84848484848485,"Pauw, Marion","Drift","Suspense",9.6771,6.0433
"343",343,3.53358208955224,"Child, Lee","De affaire","Suspense",10.5729,8.5635
"344",344,4.60992907801418,"Theorin, Johan","Schemeruur","Suspense",12.5146,8.6934
"345",345,3.74829931972789,"Rose, Karen","Moord voor mij","Suspense",9.9977,7.3827
"346",346,4.96907216494845,"Scholten, Jaap","Kameraad Baron","Fiction",14.6629,9.4088
"347",347,3.49090909090909,"Barr, Emily","Klasgenoten","Fiction",11.5611,8.1953
"348",348,5.04,"Carré, John le","Ons soort verrader","Suspense",13.9878,12.8016
"349",349,3.76595744680851,"Baldacci, David","Geniaal geheim","Suspense",13.8383,9.8941
"350",350,3.58163265306122,"Cussler, Clive / Cussler, Dirk","Wassende maan","Suspense",17.0682,9.6905
"351",351,3.5,"McNab, Andy","Onbreekbare eenheid","Suspense",12.0495,7.5302
"352",352,2.95959595959596,"Steel, Danielle","De weg van het hart","Romantic",13.9135,8.0626
"353",353,4,"Newman, Ruth","Vleugels","Suspense",12.8767,9.3501
"354",354,4.55399061032864,"Vuijsje, Robert","Alleen maar foute mensen","Other",10.1993,8.1132
"355",355,3.63888888888889,"Patterson, James","De affaire","Suspense",11.8344,7.9928
"356",356,5.49397590361446,"Dorrestein, Renate","De zondagmiddagauto","Fiction",13.6936,8.5075
"357",357,4.1796875,"Stevens, Chevy","Vermist","Suspense",13.8769,9.6124
"358",358,3.60759493670886,"Ludlum, Robert / Mills, Kyle","Het Ares akkoord","Suspense",15.3324,10.1456
"359",359,4.97080291970803,"Pick, Alison","Donderdagskind","Fiction",11.4064,7.4834
"360",360,4.11149825783972,"Robotham, Michael","Gebroken","Suspense",10.7569,7.5519
"361",361,3.86390532544379,"Gerritsen, Tess","Koud hart","Suspense",12.2667,8.4191
"362",362,3.67428571428571,"Verhoef, Esther","Close-up","Suspense",11.1747,7.8336
"363",363,3.31417624521073,"Child, Lee","Tegenspel","Suspense",11.5244,9.935
"364",364,6.24557956777996,"Bernlef, J.","Geleende levens","Fiction",12.2831,7.8481
"365",365,5.27345309381238,"Boyne, John","Het winterpaleis","Fiction",15.2126,11.5626
"366",366,5.09859154929577,"Galen, Alex van","Süskind","Fiction",10.6431,6.1973
"367",367,4.16842105263158,"Koryta, Michael","Begraven","Suspense",13.2061,9.2921
"368",368,4.56410256410256,"Macdowell, Heather / Macdowell, Rose","Diner voor 2","Romantic",12.7516,9.159
"369",369,5.57904411764706,"Brokken, Jan","Baltische zielen","Other",14.0699,8.6533
"370",370,3.92957746478873,"Janssen, Roel","De tiende vrouw","Suspense",10.9789,7.0907
"371",371,4.13659793814433,"French, Nicci","Tot het voorbij is","Suspense",12.4114,9.1837
"372",372,6.09291338582677,"Brijs, Stefan","Post voor mevrouw Bromley","Fiction",12.5605,9.1762
"373",373,2.90972222222222,"Kelly, Cathy","Eens in je leven","Romantic",13.2095,9.2004
"374",374,5.48529411764706,"Ammaniti, Niccolò","Het laatste oudejaar van de mensheid","Fiction",9.0083,7.2906
"375",375,3.84320557491289,"Terlouw, Jan / Terlouw, Sanne","Hellehonden","Suspense",11.8762,8.5567
"376",376,3.87619047619048,"Baldacci, David","Niets dan de waarheid","Suspense",14.1148,10.2594
"377",377,6.08947368421053,"Thomése, P.F.","De weldoener","Fiction",12.8133,9.2684
"378",378,2.82857142857143,"Gastel, Chantal van","Geknipt voor jou","Romantic",10.0548,8.0638
"379",379,2.87903225806452,"Wickham, Madeleine","De vraagprijs","Romantic",12.2051,9.0689
"380",380,4.20754716981132,"Lavender, Will","Het verborgen raadsel","Suspense",11.6263,8.2715
"381",381,6.18568994889267,"Murakami, Haruki","1q84","Fiction",12.2453,7.897
"382",382,4.82795698924731,"Mankell, Henning","Kennedy's brein","Suspense",11.3685,6.9391
"383",383,5.9896694214876,"Krauss, Nicole","Het grote huis","Fiction",18.0435,15.4043
"384",384,3.33649289099526,"Mosby, Steve","50/50 Moorden","Suspense",12.9192,8.614
"385",385,2.70285714285714,"Gastel, Chantal van","Zwaar verliefd!","Romantic",10.218,6.532
"386",386,3.72093023255814,"Folsom, Allan","Dag van ontmaskering","Suspense",12.878,9.3481
"387",387,3.875,"Fielding, Joy","Roerloos","Fiction",11.8778,9.3432
"388",388,2.94285714285714,"Bushnell, Candace","1 Fifth Avenue","Romantic",12.88,9.4318
"389",389,2.96808510638298,"Steel, Danielle","Door dik en dun","Romantic",14.358,7.876
"390",390,4.23076923076923,"Brown, Janelle","Alles wat wij wilden was alles","Fiction",14.633,11.3518
"391",391,4.3342939481268,"Appel, René","Weerzin","Suspense",11.3908,7.8019
"392",392,6.1419624217119,"Bernlef, J.","De een zijn dood","Fiction",11.3711,7.476
"393",393,4.3695652173913,"Sundstøl, Vidar","Land van dromen","Suspense",12.7141,8.6871
"394",394,4.03543307086614,"Coben, Harlan","Blijf dichtbij","Suspense",10.7936,7.5949
"395",395,3.45454545454545,"Neill, Fiona","Vriendschap, liefde en andere stommiteiten","Romantic",17.3183,11.7156
"396",396,3.57777777777778,"Clancy, Tom","In het vizier","Suspense",15.3193,10.5179
"397",397,5.4487895716946,"Donoghue, Emma","Kamer","Fiction",11.9469,8.7345
"398",398,3.89130434782609,"Haynes, Elizabeth","Waarheen je ook vlucht","Suspense",11.6976,8.6968
"399",399,3.71276595744681,"Cussler, Clive / Brul, Jack Du","Dodenschip","Suspense",14.4775,8.4216
"400",400,4.38020833333333,"Nesbo, Jo","De verlosser","Suspense",12.0687,9.0337
"401",401,4.06301369863014,"French, Nicci","Wat te doen als iemand sterft","Suspense",13.4346,10.0747
